City_ID,City,Country,Lat,Lng,Max Temp,Humidity,Cloudiness,Wind Speed,City Description
0,Kapaa,US,22.0752,-159.319,66.18,78,20,4.61,few clouds
1,Punta Arenas,CL,-53.15,-70.9167,66.31,52,75,35.68,broken clouds
2,Ust-Tsilma,RU,65.441,52.1498,-9.33,100,46,3.69,scattered clouds
3,Camacha,PT,33.0833,-16.3333,66.52,72,20,20.71,few clouds
4,Maceio,BR,-9.6658,-35.7353,90.84,40,40,13.8,scattered clouds
5,Lubango,AO,-14.9172,13.4925,69.13,39,96,10.8,overcast clouds
6,Leh,IN,34.1667,77.5833,-9.04,74,21,3.44,few clouds
7,Busselton,AU,-33.65,115.3333,68.04,70,0,2.57,clear sky
8,Muzhi,RU,65.3667,64.6667,-12.24,99,19,3.06,few clouds
9,Saint-Philippe,RE,-21.3585,55.7679,83.79,85,100,20.85,light rain
10,Butaritari,KI,3.0707,172.7902,82.38,69,14,18.14,few clouds
11,Point Fortin,TT,10.1833,-61.6833,87.15,70,10,1.77,clear sky
12,Airai,TL,-8.9266,125.4092,60.57,92,82,2.06,broken clouds
13,Kaitangata,NZ,-46.2817,169.8464,44.42,93,33,5.46,scattered clouds
14,Ushuaia,AR,-54.8,-68.3,60.46,41,40,8.05,scattered clouds
15,Rikitea,PF,-23.1203,-134.9692,78.62,73,53,12.82,broken clouds
16,New Norfolk,AU,-42.7826,147.0587,59.67,62,100,0.83,overcast clouds
17,Ayorou,NE,14.7308,0.9174,83.82,7,0,11.68,clear sky
18,Bathsheba,BB,13.2167,-59.5167,83.01,57,20,18.41,few clouds
19,Tabriz,IR,38.08,46.2919,27.86,86,100,2.3,overcast clouds
20,Okakarara,NA,-20.5833,17.4333,71.35,73,87,7.2,light rain
21,Hirara,JP,24.8,125.2833,61.12,69,100,21.0,overcast clouds
22,Kodiak,US,57.79,-152.4072,35.11,80,0,3.44,clear sky
23,Vaini,TO,-21.2,-175.2,75.36,100,100,6.91,light rain
24,Finschhafen,PG,-6.6024,147.8681,80.24,84,66,11.45,broken clouds
25,Meadow Lake,US,34.8014,-106.5436,34.14,49,0,4.18,clear sky
26,Shingu,JP,33.7333,135.9833,38.91,66,16,11.21,few clouds
27,Markova,UA,48.6758,24.4138,35.19,85,94,7.56,overcast clouds
28,Severo-Kurilsk,RU,50.6789,156.125,28.13,90,100,9.71,light snow
29,Honningsvag,NO,70.9821,25.9704,29.7,71,59,28.63,broken clouds
30,Bengkulu,ID,-3.8004,102.2655,74.48,96,100,7.92,very heavy rain
31,Mataura,NZ,-46.1927,168.8643,40.12,98,15,2.1,few clouds
32,Soller,ES,39.7662,2.7152,58.86,74,100,1.16,overcast clouds
33,Ambon,ID,-3.6954,128.1814,78.94,89,20,6.91,few clouds
34,Khatanga,RU,71.9667,102.5,-33.34,100,86,1.36,overcast clouds
35,Tuatapere,NZ,-46.1333,167.6833,43.14,91,10,3.69,clear sky
36,Berlevag,NO,70.8578,29.0864,24.12,83,100,24.94,overcast clouds
37,Diffa,NE,13.3154,12.6113,72.75,15,1,10.71,clear sky
38,Nedjo,ET,9.5046,35.5019,64.11,35,82,4.68,broken clouds
39,Alofi,NU,-19.0595,-169.9187,75.09,94,100,4.61,overcast clouds
40,Hilo,US,19.7297,-155.09,69.24,91,75,4.61,broken clouds
41,Tevaitoa,PF,-16.7833,-151.5,80.6,71,13,18.01,few clouds
42,Cape Town,ZA,-33.9258,18.4232,83.1,49,0,4.0,clear sky
43,Zeya,RU,53.75,127.2667,-3.39,90,96,4.32,overcast clouds
44,Faanui,PF,-16.4833,-151.75,80.78,70,12,18.57,few clouds
45,Simpang Empat,MY,4.95,100.6333,80.96,94,85,3.42,overcast clouds
46,Brae,GB,60.3964,-1.353,40.91,65,94,36.33,overcast clouds
47,Alindao,CF,5.0267,21.2088,86.85,21,60,1.86,broken clouds
48,Jamestown,US,42.097,-79.2353,19.09,51,75,5.01,broken clouds
49,Kandi,BJ,11.1342,2.9386,89.98,9,2,6.38,clear sky
50,Komsomolskiy,UZ,40.4272,71.7189,42.22,44,59,4.61,broken clouds
51,Broken Hill,AU,-31.95,141.4333,69.51,37,6,10.36,clear sky
52,Salalah,OM,17.0151,54.0924,77.09,73,75,5.75,broken clouds
53,Tarko-Sale,RU,64.9225,77.785,-12.89,100,52,5.23,broken clouds
54,Margate,GB,51.3813,1.3862,49.69,72,89,8.99,overcast clouds
55,Te Anau,NZ,-45.4167,167.7167,40.03,94,14,2.84,few clouds
56,Bredasdorp,ZA,-34.5322,20.0403,74.28,64,42,25.32,scattered clouds
57,Bluff,NZ,-46.6,168.3333,50.11,81,36,8.3,scattered clouds
58,Katsuura,JP,35.1333,140.3,33.91,39,51,4.09,broken clouds
59,Touros,BR,-5.1989,-35.4608,88.7,51,21,13.51,few clouds
60,Hermanus,ZA,-34.4187,19.2345,87.91,64,62,20.15,broken clouds
61,Tura,IN,25.5198,90.2201,51.33,90,37,1.57,scattered clouds
62,Castro,BR,-24.7911,-50.0119,74.03,84,89,8.08,overcast clouds
63,Clyde River,CA,70.4692,-68.5914,-21.77,76,75,13.8,broken clouds
64,Mahebourg,MU,-20.4081,57.7,80.89,83,40,16.11,scattered clouds
65,Jalu,LY,29.0331,21.5482,59.14,44,0,2.98,clear sky
66,Chokurdakh,RU,70.6333,147.9167,-32.15,100,100,1.86,overcast clouds
67,Tiksi,RU,71.6872,128.8694,-22.02,98,100,7.56,overcast clouds
68,Torbay,CA,47.6666,-52.7314,49.75,94,100,27.63,light rain
69,Ostrovnoy,RU,68.0531,39.5131,16.07,82,100,32.5,overcast clouds
70,Victoria,HK,22.2855,114.1577,61.25,83,99,5.99,overcast clouds
71,Port Alfred,ZA,-33.5906,26.891,70.27,83,98,24.61,overcast clouds
72,San Patricio,US,28.017,-97.5169,43.16,38,2,6.62,clear sky
73,Vanimo,PG,-2.6741,141.3028,78.53,86,94,6.62,overcast clouds
74,Lata,PT,40.1629,-8.3327,62.35,52,3,7.0,clear sky
75,Rocha,UY,-34.4833,-54.3333,73.31,74,87,9.22,overcast clouds
76,Atuona,PF,-9.8,-139.0333,78.69,74,13,21.97,few clouds
77,Ribeira Grande,PT,38.5167,-28.7,63.0,67,75,11.5,broken clouds
78,Deputatskiy,RU,69.3,139.9,-29.85,96,100,3.8,overcast clouds
79,Georgetown,MY,5.4112,100.3354,80.89,82,40,0.0,scattered clouds
80,Waipawa,NZ,-41.4122,175.5153,55.45,97,100,13.38,light rain
81,Barrow,US,71.2906,-156.7887,-11.18,70,100,14.97,light snow
82,Banda Aceh,ID,5.5577,95.3222,79.41,78,83,4.83,light rain
83,Obo,CF,5.3998,26.4869,80.85,19,100,5.32,overcast clouds
84,Padang,ID,-0.9492,100.3543,74.57,95,100,2.19,overcast clouds
85,Dikson,RU,73.5069,80.5464,-18.92,100,96,3.51,overcast clouds
86,Yellowknife,CA,62.456,-114.3525,-13.59,83,75,8.05,broken clouds
87,Upernavik,GL,72.7868,-56.1549,0.43,98,100,4.56,overcast clouds
88,San Luis,AR,-33.295,-66.3356,65.28,55,92,15.59,overcast clouds
89,Porbandar,IN,21.6422,69.6093,68.41,63,0,5.91,clear sky
90,Tasiilaq,GL,65.6145,-37.6368,16.11,59,100,10.0,overcast clouds
91,Tuktoyaktuk,CA,69.4541,-133.0374,-31.0,68,0,9.22,clear sky
92,Gunjur,GM,13.2019,-16.7339,98.67,36,0,4.61,clear sky
93,Ranong,TH,9.9658,98.6348,75.63,90,29,4.92,scattered clouds
94,Hobart,AU,-42.8794,147.3294,60.03,75,100,1.14,overcast clouds
95,Norman Wells,CA,65.282,-126.8329,-11.65,94,95,5.99,overcast clouds
96,Makakilo City,US,21.3469,-158.0858,66.61,84,0,4.61,clear sky
97,Hithadhoo,MV,-0.6,73.0833,82.67,75,100,12.01,overcast clouds
98,Librazhd,AL,41.1794,20.315,46.22,93,83,5.14,broken clouds
99,Aklavik,CA,68.2191,-135.0107,-31.97,66,20,4.61,few clouds
100,Havre-Saint-Pierre,CA,50.2334,-63.5986,7.39,72,100,14.97,overcast clouds
101,Puerto Ayora,EC,-0.7393,-90.3518,84.16,86,54,5.99,broken clouds
102,Lavrentiya,RU,65.5833,-171.0,-18.72,94,29,8.79,scattered clouds
103,Toma,BF,12.7667,-2.8833,91.18,6,5,7.34,clear sky
104,Mar Del Plata,AR,-38.0023,-57.5575,67.08,88,100,18.99,moderate rain
105,East London,ZA,-33.0153,27.9116,67.14,94,75,9.22,mist
106,Kota Bahru,MY,6.1333,102.2386,80.55,78,40,13.0,scattered clouds
107,Provideniya,RU,64.3833,-173.3,-5.75,86,3,11.77,clear sky
108,Sur,OM,22.5667,59.5289,73.63,50,1,4.34,clear sky
109,Vila Franca Do Campo,PT,37.7167,-25.4333,63.01,77,99,13.22,overcast clouds
110,Aksarka,RU,66.5606,67.7975,-16.76,100,93,3.53,overcast clouds
111,Pingliang,CN,35.5392,106.6861,18.63,96,100,1.77,light snow
112,The Valley,AI,18.217,-63.0578,82.26,69,75,17.27,broken clouds
113,Luderitz,NA,-26.6481,15.1594,70.74,68,9,4.5,clear sky
114,Mizan Teferi,ET,6.9833,35.5833,66.36,71,89,1.41,light rain
115,Nikolskoye,RU,59.7035,30.7861,25.88,94,100,11.3,snow
116,Itupiranga,BR,-5.1347,-49.3267,84.52,84,97,2.24,overcast clouds
117,Prince George,CA,53.9166,-122.753,38.64,64,0,11.5,clear sky
118,Coihaique,CL,-45.5752,-72.0662,69.75,40,0,4.61,clear sky
119,Poncitlan,MX,20.3667,-102.9167,65.7,40,9,4.18,clear sky
120,Alyangula,AU,-13.8483,136.4192,78.67,100,86,3.44,overcast clouds
121,Cockburn Town,TC,21.4612,-71.1419,76.37,68,10,18.34,clear sky
122,Fuerte Olimpo,PY,-21.0415,-57.8738,100.22,31,74,13.24,broken clouds
123,Port Hardy,CA,50.6996,-127.4199,40.75,93,75,6.91,broken clouds
124,Sitka,US,57.0531,-135.33,42.69,81,100,11.5,moderate rain
125,Marzuq,YE,14.4,46.4667,69.15,39,20,7.18,few clouds
126,Cidreira,BR,-30.1811,-50.2056,86.92,58,91,9.22,heavy intensity rain
127,Soe,ID,-9.8607,124.284,66.74,94,96,3.18,overcast clouds
128,Cherskiy,RU,68.75,161.3,-32.82,96,15,1.39,few clouds
129,Zhezkazgan,KZ,47.8043,67.7144,14.83,79,93,15.97,overcast clouds
130,Yaan,NG,7.3833,8.5667,93.7,10,1,7.09,clear sky
131,San Pedro,PH,14.35,121.0167,79.83,70,75,4.61,broken clouds
132,Celendin,PE,-6.8703,-78.1517,66.72,60,60,3.31,light rain
133,Albany,US,42.6001,-73.9662,19.02,70,27,8.01,scattered clouds
134,Cabo San Lucas,MX,22.8909,-109.9124,69.51,63,24,3.0,few clouds
135,Juegang,CN,32.3174,121.1855,35.91,60,49,7.45,scattered clouds
136,Rayong,TH,12.8333,101.4333,80.73,99,34,3.27,scattered clouds
137,Olinala,MX,17.8333,-98.85,69.31,44,34,4.61,scattered clouds
138,Bonthe,SL,7.5264,-12.505,84.81,61,89,13.76,overcast clouds
139,Arraial Do Cabo,BR,-22.9661,-42.0278,89.56,66,0,19.57,clear sky
140,Kiruna,SE,67.8557,20.2251,22.12,93,100,16.11,overcast clouds
141,Antofagasta,CL,-23.65,-70.4,71.22,64,15,8.86,few clouds
142,Belmonte,BR,-15.8631,-38.8828,81.1,71,87,7.96,overcast clouds
143,Qaanaaq,GL,77.484,-69.3632,0.0,74,89,4.36,overcast clouds
144,Avarua,CK,-21.2078,-159.775,77.05,88,40,8.05,scattered clouds
145,Codrington,AU,-38.2667,141.9667,57.27,86,97,8.34,overcast clouds
146,Payson,US,40.0444,-111.7321,34.56,63,40,5.75,scattered clouds
147,Tadine,NC,-21.55,167.8833,79.07,88,94,4.03,moderate rain
148,Acapulco,MX,16.8634,-99.8901,80.42,65,20,0.0,few clouds
149,Sisimiut,GL,66.9395,-53.6735,2.26,91,97,11.97,light snow
150,Ligayan,PH,4.6533,119.4706,80.65,82,99,12.01,overcast clouds
151,Kushiro,JP,42.975,144.3747,16.16,81,69,5.46,broken clouds
152,Zhangjiakou,CN,40.81,114.8794,13.06,67,2,5.75,light snow
153,Namibe,AO,-15.1961,12.1522,76.08,63,30,13.06,scattered clouds
154,Sokoni,TZ,-6.4333,39.55,82.69,75,100,7.76,overcast clouds
155,Saa,CM,4.3667,11.45,85.6,20,84,0.47,broken clouds
156,Verkhnevilyuysk,RU,63.4453,120.3167,-18.99,100,97,2.33,overcast clouds
157,Mogadishu,SO,2.0371,45.3438,77.59,82,55,16.64,broken clouds
158,Orbetello,IT,42.4408,11.2196,57.22,81,97,3.44,overcast clouds
159,Lydenburg,ZA,-25.0978,30.4597,62.28,87,36,8.05,scattered clouds
160,Lashio,MM,22.9333,97.75,53.65,74,7,0.87,clear sky
161,Zumpahuacan,MX,18.9,-99.55,61.84,47,4,5.12,clear sky
162,Ancud,CL,-41.8697,-73.8203,71.22,58,3,6.93,clear sky
163,Dubbo,AU,-32.25,148.6167,57.33,82,75,9.22,broken clouds
164,Manhuacu,BR,-20.2581,-42.0336,76.12,89,100,3.76,overcast clouds
165,Bahar,IR,34.9072,48.4414,33.96,75,20,6.91,few clouds
166,Pevek,RU,69.7008,170.3133,-28.16,99,20,3.09,few clouds
167,Bethel,US,41.3712,-73.414,27.03,76,75,4.0,broken clouds
168,Gat,IL,31.61,34.7642,55.08,100,80,8.08,broken clouds
169,Coulommiers,FR,48.8145,3.085,48.58,70,24,9.01,few clouds
170,Leningradskiy,RU,69.3833,178.4167,-21.06,96,9,5.01,clear sky
171,Gladstone,AU,-23.85,151.25,73.33,60,100,11.5,overcast clouds
172,Zhigalovo,RU,54.8097,105.1578,16.16,97,100,4.34,light snow
173,Marfino,RU,55.7028,37.3822,15.94,85,0,6.71,clear sky
174,Vila Velha,BR,-20.3297,-40.2925,82.94,72,75,10.0,broken clouds
175,Mount Gambier,AU,-37.8333,140.7667,58.91,82,89,8.05,overcast clouds
176,Muli,MV,2.9167,73.5667,82.02,70,20,10.96,few clouds
177,Narsaq,GL,60.9167,-46.05,-1.5,69,0,5.86,clear sky
178,Mulchen,CL,-37.7167,-72.2333,75.06,22,0,7.67,clear sky
179,Ahipara,NZ,-35.1667,173.1667,70.86,98,98,6.29,overcast clouds
180,Callaway,US,30.153,-85.5699,45.91,60,43,7.0,scattered clouds
181,Rawson,AR,-43.3002,-65.1023,62.73,45,0,11.79,clear sky
182,Yulara,AU,-25.2406,130.9889,67.84,49,0,4.61,clear sky
183,Ponta Do Sol,PT,32.6667,-17.1,73.13,39,2,12.48,clear sky
184,Sunland Park,US,31.7965,-106.58,36.3,56,0,1.01,clear sky
185,Boshnyakovo,RU,49.6333,142.1667,6.1,94,100,13.44,overcast clouds
186,Poso,ID,-1.3959,120.7524,76.78,87,100,3.69,overcast clouds
187,Bose,IT,45.4612,8.0137,53.19,68,1,1.9,clear sky
188,Barcelona,ES,41.3888,2.159,60.3,83,40,1.01,scattered clouds
189,Ust-Ishim,RU,57.6935,71.1665,21.65,89,100,5.99,overcast clouds
190,Tambopata,PE,-12.7333,-69.1833,85.89,66,40,6.91,scattered clouds
191,Hamilton,US,39.1834,-84.5333,24.04,74,40,1.99,scattered clouds
192,Yar,RU,58.249,52.1026,24.55,95,100,7.72,overcast clouds
193,Fortuna,US,40.5982,-124.1573,43.66,97,100,8.05,overcast clouds
194,Plettenberg Bay,ZA,-34.0527,23.3716,71.76,77,2,21.12,clear sky
195,Hami,CN,42.8,93.45,27.43,26,95,15.55,overcast clouds
196,Ukiah,US,39.1502,-123.2078,57.97,84,100,1.25,overcast clouds
197,Srednekolymsk,RU,67.45,153.6833,-39.89,100,47,3.94,scattered clouds
198,Nanortalik,GL,60.1432,-45.2371,14.05,58,17,24.65,few clouds
199,Svetlogorsk,BY,52.6333,29.7333,33.48,92,100,17.96,overcast clouds
200,Kinablangan,PH,7.6947,126.5503,77.27,85,59,6.02,broken clouds
201,Mackay,AU,-21.15,149.2,74.68,83,75,14.97,broken clouds
202,Port Hedland,AU,-20.3167,118.5667,86.05,74,78,8.05,broken clouds
203,Coquimbo,CL,-29.9533,-71.3436,67.73,77,20,13.8,few clouds
204,Vrangel,RU,42.7297,133.0839,10.8,61,8,18.16,clear sky
205,Puerto Leguizamo,CO,-0.1934,-74.7819,82.2,77,88,1.72,heavy intensity rain
206,Avera,US,33.194,-82.5271,47.93,48,24,8.21,few clouds
207,Carnarvon,AU,-24.8667,113.6333,82.47,78,24,9.22,few clouds
208,Saldanha,ZA,-33.0117,17.9442,89.65,64,10,10.85,clear sky
209,Korem,ET,12.5058,39.5228,53.96,73,56,5.77,broken clouds
210,Montemorelos,MX,25.2,-99.8167,45.3,33,1,5.26,clear sky
211,Saskylakh,RU,71.9167,114.0833,-29.67,100,85,4.41,overcast clouds
212,Saint George,US,37.1041,-113.5841,47.35,46,0,0.0,clear sky
213,Shu,KZ,43.5983,73.7614,34.18,36,0,3.91,clear sky
214,Rehoboth,NA,-23.3167,17.0833,72.82,61,97,15.61,light rain
215,Abha,SA,18.2164,42.5053,60.62,72,20,6.91,few clouds
216,General Pico,AR,-35.6566,-63.7568,75.0,36,59,15.48,broken clouds
217,Hofn,IS,64.2539,-15.2082,28.98,59,100,9.1,overcast clouds
218,Kaeo,NZ,-35.1,173.7833,72.32,98,96,8.14,overcast clouds
219,Keti Bandar,PK,24.1447,67.4497,71.44,64,0,9.37,clear sky
220,Henties Bay,NA,-22.116,14.2845,70.86,76,9,8.05,clear sky
221,Shache,CN,38.4167,77.2406,30.7,54,48,6.53,scattered clouds
222,Lebu,CL,-37.6167,-73.65,64.42,65,0,19.15,clear sky
223,Inuvik,CA,68.3499,-133.7218,-31.79,68,20,1.14,few clouds
224,Isangel,VU,-19.55,169.2667,79.29,90,100,12.5,light rain
225,Waingapu,ID,-9.6567,120.2641,78.91,87,100,7.49,overcast clouds
226,Bayji,IQ,34.9311,43.487,53.62,53,79,7.47,broken clouds
227,Mauganj,IN,24.6833,81.8833,53.69,58,0,3.94,clear sky
228,Talcahuano,CL,-36.7167,-73.1167,69.48,56,0,13.8,clear sky
229,San Cristobal,VE,7.7669,-72.225,68.18,47,69,0.89,broken clouds
230,Talnakh,RU,69.4865,88.3972,-12.24,100,96,3.13,overcast clouds
231,Segezha,RU,63.7415,34.3222,16.68,89,100,17.92,overcast clouds
232,Thompson,CA,55.7435,-97.8558,-36.24,67,20,0.0,few clouds
233,Moose Factory,CA,51.2585,-80.6094,-4.0,59,0,10.36,clear sky
234,Yugorsk,RU,61.3133,63.3319,17.13,95,100,7.25,light snow
235,Floro,NO,61.5996,5.0328,35.96,93,100,25.32,moderate rain
236,Meulaboh,ID,4.1363,96.1285,75.97,88,100,6.49,overcast clouds
237,Requena,ES,39.4883,-1.1004,51.13,73,100,3.67,overcast clouds
238,Udachnyy,RU,66.4167,112.4,-32.08,100,80,3.47,broken clouds
239,Olinda,BR,-8.0089,-34.8553,85.73,58,40,6.91,scattered clouds
240,Husavik,IS,66.0449,-17.3389,12.11,96,99,15.1,snow
241,Port Macquarie,AU,-31.4333,152.9167,62.56,72,95,13.65,overcast clouds
242,Aguimes,ES,27.9054,-15.4461,68.67,60,0,5.75,clear sky
243,Along,IN,28.1667,94.7667,47.01,98,98,1.39,overcast clouds
244,Nome,US,64.5011,-165.4064,1.47,46,0,12.66,clear sky
245,North Platte,US,41.1239,-100.7654,45.32,42,3,1.01,clear sky
246,Doume,CM,4.2333,13.45,83.01,20,83,2.39,broken clouds
247,Rybinsk,RU,58.0446,38.8426,1.11,100,49,4.36,scattered clouds
248,Gbarnga,LR,6.9956,-9.4722,97.21,23,7,3.27,clear sky
249,Port Blair,IN,11.6667,92.75,80.64,83,40,5.75,mist
250,Turukhansk,RU,65.8167,87.9833,-7.26,99,96,4.9,overcast clouds
251,Okato,NZ,-39.2,173.8833,68.92,97,100,13.94,moderate rain
252,Jaciara,BR,-15.9653,-54.9683,86.81,63,67,4.74,broken clouds
253,Singleton,AU,-32.5667,151.1833,70.5,97,43,3.69,scattered clouds
254,Vitre,FR,48.1178,-1.2058,49.08,73,46,8.84,scattered clouds
255,Richards Bay,ZA,-28.783,32.0377,72.82,84,99,10.45,light rain
256,Serebryanyy Bor,RU,56.8,124.8,-19.57,100,100,3.44,overcast clouds
257,Kawalu,ID,-7.3817,108.2082,74.14,94,100,1.86,light rain
258,Haines Junction,CA,60.7522,-137.5108,1.35,85,100,4.61,overcast clouds
259,Yeppoon,AU,-23.1333,150.7333,73.18,70,21,18.88,few clouds
260,Tautira,PF,-17.7333,-149.15,75.22,74,29,15.59,scattered clouds
261,Wiesmoor,DE,53.4167,7.7333,43.9,78,97,22.7,overcast clouds
262,Itoman,JP,26.1247,127.6694,59.02,58,100,18.41,overcast clouds
263,Lakes Entrance,AU,-37.8811,147.981,54.16,85,15,7.14,few clouds
264,Bubaque,GW,11.2833,-15.8333,79.27,60,0,13.8,clear sky
265,Nata,PA,8.3333,-80.5167,89.47,36,47,16.82,scattered clouds
266,Ko Samui,TH,9.5357,99.9357,81.73,73,27,10.36,scattered clouds
267,Abrau-Dyurso,RU,44.69,37.59,33.26,71,27,6.64,scattered clouds
268,Beyneu,KZ,45.3167,55.2,35.2,92,100,18.7,overcast clouds
269,Sechura,PE,-5.5569,-80.8222,81.9,53,67,7.61,broken clouds
270,Millinocket,US,45.6573,-68.7098,19.9,73,75,4.61,broken clouds
271,Kailua,US,21.4022,-157.7394,68.07,96,2,1.01,clear sky
272,Chau Doc,VN,10.7,105.1167,73.96,81,86,2.21,overcast clouds
273,Anadyr,RU,64.75,177.4833,-22.45,96,4,3.44,clear sky
274,Lokosovo,RU,61.1333,74.8167,12.51,94,100,4.9,overcast clouds
275,Marawi,PH,7.9986,124.2928,70.65,93,30,2.24,scattered clouds
276,Chandbali,IN,20.7833,86.7667,66.27,49,63,3.42,broken clouds
277,Aanekoski,FI,62.6946,25.818,24.87,100,100,7.18,overcast clouds
278,Kahului,US,20.8947,-156.47,74.84,79,20,5.75,few clouds
279,Pathein,MM,16.7833,94.7333,72.09,91,8,6.08,clear sky
280,Awbari,LY,26.5921,12.7805,60.28,22,1,9.13,clear sky
281,Shenjiamen,CN,29.9576,122.298,38.95,63,5,15.39,clear sky
282,Naryan-Mar,RU,67.6713,53.087,-7.69,98,83,9.57,broken clouds
283,Khirkiya,IN,22.1674,76.8605,65.05,23,0,4.9,clear sky
284,Balkanabat,TM,39.5108,54.3671,43.36,80,98,15.9,overcast clouds
285,Santa Isabel Do Rio Negro,BR,-0.4139,-65.0192,79.7,76,100,1.77,overcast clouds
286,Namatanai,PG,-3.6667,152.4333,79.95,80,81,8.14,broken clouds
287,Roald,NO,62.5833,6.1333,41.14,60,40,16.11,scattered clouds
288,Sungaipenuh,ID,-2.0833,101.3833,64.89,100,100,1.66,overcast clouds
289,Kavieng,PG,-2.5744,150.7967,80.71,79,85,4.99,light rain
290,Istra,RU,55.9178,36.8642,15.94,100,92,5.06,overcast clouds
291,Buala,SB,-8.145,159.5921,80.78,84,91,7.27,overcast clouds
292,Lagos,NG,6.5833,3.75,93.52,48,2,8.48,clear sky
293,Ketchikan,US,55.3422,-131.6461,42.78,97,100,7.67,light rain
294,Marsa Matruh,EG,31.3525,27.2453,59.2,47,40,9.22,scattered clouds
295,Guerrero Negro,MX,27.9769,-114.0611,61.59,30,0,3.71,clear sky
296,San Quintin,MX,30.4833,-115.95,60.24,26,0,2.35,clear sky
297,Chifeng,CN,42.2683,118.9636,7.05,75,0,4.65,clear sky
298,Anloga,GH,5.7947,0.8973,88.02,73,2,13.87,clear sky
299,Jiuquan,CN,39.7432,98.5174,17.64,40,100,8.72,overcast clouds
300,Zhigansk,RU,66.7697,123.3711,-29.88,100,100,6.33,overcast clouds
301,Olavarria,AR,-36.8927,-60.3225,63.01,91,100,15.21,overcast clouds
302,Pushkinskiye Gory,RU,57.0209,28.9103,27.0,97,100,7.72,snow
303,Grimshaw,CA,56.1834,-117.6027,2.82,85,100,9.22,light snow
304,Moron,AR,-34.6534,-58.6198,71.01,69,92,9.62,overcast clouds
305,Honiara,SB,-9.4333,159.95,79.47,88,94,2.51,overcast clouds
306,Kruisfontein,ZA,-34.0033,24.7314,68.88,75,89,20.45,overcast clouds
307,Hasaki,JP,35.7333,140.8333,27.0,35,65,8.7,broken clouds
308,Port Moresby,PG,-9.4431,147.1797,76.23,86,100,8.1,overcast clouds
309,Trairi,BR,-3.2778,-39.2689,85.23,64,51,12.3,broken clouds
310,Ucluelet,CA,48.9329,-125.5528,43.09,92,100,3.18,overcast clouds
311,Souillac,MU,-20.5167,57.5167,80.98,83,40,16.11,light rain
312,Jieshi,CN,22.8134,115.8257,57.94,78,98,18.16,overcast clouds
313,Patnos,TR,39.2336,42.8634,1.92,81,12,4.07,few clouds
314,Cururupu,BR,-1.8283,-44.8683,83.8,65,99,4.56,light rain
315,Bilibino,RU,68.0546,166.4372,-14.01,94,11,4.85,few clouds
316,Kavaratti,IN,10.5669,72.642,78.98,61,39,11.36,scattered clouds
317,Wielun,PL,51.221,18.5696,36.9,71,50,14.83,scattered clouds
318,Belaya Gora,RU,68.5333,146.4167,-39.69,100,92,1.3,overcast clouds
319,Saint-Louis,SN,16.3333,-15.0,96.4,5,0,9.64,clear sky
320,Salym,RU,60.0625,71.4789,20.03,97,100,4.0,overcast clouds
321,Faya,SA,18.3851,42.4509,60.91,75,7,4.68,clear sky
322,Saint Albans,GB,51.75,-0.3333,50.16,77,40,21.85,scattered clouds
323,Yarmouth,US,41.7057,-70.2286,27.1,80,100,13.8,overcast clouds
324,Constitucion,CL,-35.3333,-72.4167,72.37,53,0,15.28,clear sky
325,Portland,US,45.5234,-122.6762,45.63,94,98,1.01,overcast clouds
326,Petropavlovsk-Kamchatskiy,RU,53.0452,158.6483,16.39,67,0,8.95,clear sky
327,Tamandare,BR,-8.7597,-35.1047,84.27,59,78,9.93,broken clouds
328,Sola,VU,-13.8833,167.55,82.24,76,100,20.13,overcast clouds
329,Longyearbyen,SJ,78.2186,15.6401,10.24,61,20,24.16,few clouds
330,Antigonish,CA,45.6169,-61.9986,30.04,94,100,14.43,light snow
331,Saint-Augustin,CA,51.226,-58.6502,4.91,93,100,16.17,light snow
332,Tartagal,AR,-22.5164,-63.8013,77.92,70,97,7.74,light rain
333,Miles City,US,46.4083,-105.8406,43.52,61,49,20.51,scattered clouds
334,Maumere,ID,-8.6199,122.2111,79.38,82,64,8.08,broken clouds
335,Samana,DO,19.2056,-69.3369,77.22,88,40,11.5,scattered clouds
336,Superior,US,46.7208,-92.1041,11.01,80,100,5.75,light snow
337,Marsh Harbour,BS,26.5412,-77.0636,73.87,59,0,2.86,clear sky
338,Klamath Falls,US,42.2249,-121.7817,34.88,73,0,0.0,clear sky
339,Barahona,DO,18.2085,-71.1008,84.02,65,20,6.91,few clouds
340,Chuy,UY,-33.6971,-53.4616,83.12,50,83,8.52,broken clouds
341,Ilulissat,GL,69.2167,-51.1,-1.19,77,100,8.05,overcast clouds
342,Oparino,RU,59.8518,48.2783,9.54,96,91,7.31,overcast clouds
343,Mehamn,NO,71.0357,27.8492,21.42,87,66,18.48,broken clouds
344,Dingle,PH,10.9995,122.6711,74.86,82,37,11.36,scattered clouds
345,Gornopravdinsk,RU,60.05,69.9,20.37,97,100,4.32,overcast clouds
346,Mbulu,TZ,-3.85,35.5333,59.29,88,100,4.0,light rain
347,Colares,PT,38.7992,-9.4469,61.45,66,20,1.01,few clouds
348,Caravelas,BR,-17.7125,-39.2481,83.07,64,32,10.51,scattered clouds
349,Xining,CN,36.6167,101.7667,12.9,89,100,3.8,light snow
350,Samarai,PG,-10.6167,150.6667,80.29,82,100,10.51,overcast clouds
351,Iqaluit,CA,63.7506,-68.5145,-25.31,60,75,1.99,broken clouds
352,Taoudenni,ML,22.6783,-3.9836,80.82,6,33,9.55,scattered clouds
353,Yazykovo,RU,55.2199,56.1353,22.1,89,100,2.62,light snow
354,Lorengau,PG,-2.0226,147.2712,80.35,80,40,8.79,scattered clouds
355,Guaymas,MX,27.9333,-110.9,64.89,41,0,0.0,clear sky
356,Arlit,NE,18.7369,7.3853,74.59,9,0,8.23,clear sky
357,Saravan,AM,39.7196,45.6483,25.45,90,84,3.58,broken clouds
358,Chernyshevskiy,RU,63.0128,112.4714,-9.08,99,95,2.64,overcast clouds
359,Arman,RU,59.7,150.1667,-1.89,72,54,11.95,broken clouds
360,La Primavera,CO,5.4906,-70.4092,96.04,31,16,10.0,few clouds
361,Algeciras,ES,36.1333,-5.4505,69.46,55,0,11.5,clear sky
362,Aksu,CN,41.1231,80.2644,25.88,46,66,4.47,broken clouds
363,Tazovskiy,RU,67.4667,78.7,-7.83,100,98,6.76,overcast clouds
364,Okhotsk,RU,59.3833,143.3,-3.98,67,0,17.07,clear sky
365,Slave Lake,CA,55.2834,-114.769,10.38,85,100,9.22,overcast clouds
366,Lompoc,US,34.6391,-120.4579,65.12,56,0,10.36,clear sky
367,Kamina,CD,-8.7386,24.9906,67.17,87,100,1.43,overcast clouds
368,Grand Gaube,MU,-20.0064,57.6608,81.0,80,100,8.99,overcast clouds
369,Lower Hutt,NZ,-41.2167,174.9167,61.02,97,75,23.02,broken clouds
370,Esperance,AU,-33.8667,121.9,67.84,70,2,18.72,clear sky
371,Loiza,PR,18.4313,-65.8802,77.58,91,100,10.36,mist
372,Ust-Nera,RU,64.5667,143.2,-22.92,66,15,0.6,few clouds
373,Port Hawkesbury,CA,45.6169,-61.3485,31.59,96,100,9.22,fog
374,Bontang,ID,0.1333,117.5,78.78,85,100,11.3,overcast clouds
375,Jilib,SO,0.4883,42.7854,77.11,81,100,9.08,overcast clouds
376,Porto Seguro,BR,-16.4497,-39.0647,81.12,78,75,10.36,broken clouds
377,Mount Isa,AU,-20.7333,139.5,71.37,49,40,3.44,scattered clouds
378,Geraldton,AU,-28.7667,114.6,68.41,88,1,4.61,clear sky
379,Parnarama,BR,-5.6817,-43.0933,86.41,67,80,3.56,broken clouds
380,Makinsk,KZ,52.6292,70.4169,4.26,76,99,5.86,overcast clouds
381,Dir,PK,35.2058,71.8756,39.96,55,98,3.62,overcast clouds
382,Lyantonde,UG,-0.4031,31.1572,67.01,81,100,5.79,overcast clouds
383,Gualeguaychu,AR,-33.0094,-58.5172,79.03,61,18,19.1,few clouds
384,Morant Bay,JM,17.8815,-76.4093,84.61,55,22,10.63,few clouds
385,Mangai,CD,-4.05,19.5333,78.84,68,85,1.48,overcast clouds
386,Yerbogachen,RU,61.2767,108.0108,11.48,95,100,6.17,light snow
387,Huarmey,PE,-10.0681,-78.1522,76.24,71,18,10.92,few clouds
388,Neyshabur,IR,36.2133,58.7958,43.63,68,99,5.03,overcast clouds
389,Smidovich,RU,48.6,133.8167,-22.74,100,45,3.18,scattered clouds
390,Lagoa,PT,39.05,-27.9833,58.6,75,62,16.24,broken clouds
391,Brewster,US,41.3973,-73.6171,27.27,80,24,1.01,few clouds
392,Dakar,SN,14.6937,-17.4441,90.48,66,0,14.54,clear sky
393,Tibacuy,CO,4.3511,-72.4564,95.32,33,74,9.06,broken clouds
394,Kigoma,TZ,-4.8769,29.6267,73.87,76,98,1.21,light rain
395,Champerico,GT,14.3,-91.9167,89.35,56,1,8.61,clear sky
396,Hambantota,LK,6.1241,81.1185,76.17,78,4,16.93,clear sky
397,Porto Novo,BJ,6.4965,2.6036,85.82,55,2,10.51,clear sky
398,Nouadhibou,MR,20.931,-17.0347,73.38,64,0,14.97,clear sky
399,Hyeres,FR,43.1167,6.1167,57.97,60,0,3.44,clear sky
400,Sambava,MG,-14.2667,50.1667,76.57,89,100,6.29,light rain
401,Oriximina,BR,-1.7656,-55.8661,87.21,62,74,2.3,broken clouds
402,Los Llanos De Aridane,ES,28.6585,-17.9182,67.12,77,20,4.0,few clouds
403,Baculin,PH,7.4525,126.5842,76.6,87,47,6.46,scattered clouds
404,Mednogorsk,RU,51.4128,57.595,20.01,93,100,13.02,overcast clouds
405,Bikin,RU,46.8161,134.26,-14.82,100,80,1.36,broken clouds
406,Pacific Grove,US,36.6177,-121.9166,57.58,62,0,6.91,clear sky
407,Yarada,IN,17.65,83.2667,73.72,78,20,2.3,haze
408,Necochea,AR,-38.5473,-58.7368,65.03,75,100,24.0,overcast clouds
409,Ixtapa,MX,20.7,-105.2,81.75,42,56,3.2,broken clouds
410,Thunder Bay,CA,48.4001,-89.3168,8.29,79,100,2.3,overcast clouds
411,Port Elizabeth,ZA,-33.918,25.5701,71.1,83,75,13.8,broken clouds
412,Beni,CD,0.5,29.4667,70.97,49,100,2.64,overcast clouds
413,A Coruna,ES,43.3713,-8.396,56.48,67,20,8.01,few clouds
414,Eureka,US,40.8021,-124.1637,43.93,94,78,2.77,broken clouds
415,Cabatuan,PH,10.8794,122.486,73.89,84,37,13.49,scattered clouds
416,Churapcha,RU,62.0025,132.4325,-33.38,100,99,1.68,overcast clouds
417,Vostok,RU,46.4856,135.8833,-10.43,99,100,2.75,overcast clouds
418,Alekseyevsk,RU,57.8406,108.3492,17.15,94,100,10.0,light snow
419,Bam,IR,29.106,58.357,64.87,40,0,10.13,clear sky
420,Port Lincoln,AU,-34.7333,135.8667,65.8,80,100,15.99,overcast clouds
421,Ust-Uda,RU,54.1742,103.0304,14.25,96,100,4.09,light snow
422,Catamarca,AR,-28.4696,-65.7852,85.05,61,8,4.0,clear sky
423,Bagotville,AU,-28.9833,153.4167,71.42,96,84,16.15,broken clouds
424,Espumoso,BR,-28.7247,-52.8497,81.23,57,99,11.25,overcast clouds
425,Kashi,CN,39.4547,75.9797,30.22,74,40,8.95,scattered clouds
426,Scottsbluff,US,41.8666,-103.6672,43.79,37,78,18.01,broken clouds
427,Maramba,TZ,-5.05,38.6167,69.39,76,100,3.22,overcast clouds
428,Zonguldak,TR,41.25,31.8333,32.65,74,82,3.85,broken clouds
429,Kismayo,SO,-0.3582,42.5454,78.42,83,98,12.59,overcast clouds
430,Maragogi,BR,-9.0122,-35.2225,84.27,61,82,11.23,broken clouds
431,Billings,US,45.7833,-108.5007,44.17,43,83,7.0,broken clouds
432,Chiredzi,ZW,-21.05,31.6667,78.69,47,40,6.49,scattered clouds
433,Umm Kaddadah,SD,13.6017,26.6876,64.96,15,70,14.03,broken clouds
434,Pangody,RU,65.85,74.4859,-16.06,100,93,4.5,overcast clouds
435,Yumen,CN,40.2833,97.2,15.67,37,100,14.25,overcast clouds
436,Roebourne,AU,-20.7833,117.1333,84.52,74,51,4.63,broken clouds
437,Kamloops,CA,50.6665,-120.3192,33.57,89,75,1.01,broken clouds
438,Santa Rosa,PH,14.3122,121.1114,80.58,70,98,13.94,overcast clouds
439,Geneva,US,41.8875,-88.3054,18.14,67,32,4.0,scattered clouds
440,Nema,RU,57.5067,50.5011,25.2,98,100,5.12,overcast clouds
441,Poum,NC,-20.2333,164.0167,80.44,72,87,5.35,overcast clouds
442,Mandalgovi,MN,45.7625,106.2708,3.22,78,0,6.6,clear sky
443,Preobrazheniye,RU,42.9019,133.9064,7.47,64,0,8.97,clear sky
444,Rawlins,US,41.7911,-107.2387,30.63,48,59,25.39,broken clouds
445,Shizunai,JP,42.3339,142.3669,23.22,83,66,9.66,light snow
446,Joaquim Gomes,BR,-9.1373,-35.7519,86.25,54,88,9.1,overcast clouds
447,Micheweni,TZ,-4.9667,39.8333,80.49,76,100,5.77,overcast clouds
448,Bac Lieu,VN,9.285,105.7244,79.41,68,92,19.98,overcast clouds
449,Hokitika,NZ,-42.7167,170.9667,55.22,80,100,8.25,light rain
450,Cap Malheureux,MU,-19.9842,57.6142,81.09,79,100,8.99,overcast clouds
451,Olafsvik,IS,64.8945,-23.7142,29.53,63,100,16.69,overcast clouds
452,Vondrozo,MG,-22.8167,47.2833,70.14,98,100,19.91,heavy intensity rain
453,Baracoa,CU,20.3467,-74.4958,77.9,68,32,8.79,scattered clouds
454,Farah,AF,32.5,62.5,53.62,31,100,1.68,overcast clouds
455,College,US,64.8569,-147.8028,-0.02,80,100,0.0,overcast clouds
456,Erenhot,CN,43.6475,111.9767,3.65,88,5,7.74,clear sky
457,North Bend,US,43.4065,-124.2243,46.17,100,100,6.91,overcast clouds
458,Rincon,US,32.296,-81.2354,51.85,62,20,1.01,few clouds
459,Atasu,KZ,48.6814,71.6433,16.5,66,6,19.28,clear sky
460,Arantangi,IN,10.1667,78.9833,77.32,75,88,12.82,overcast clouds
461,Klaksvik,FO,62.2266,-6.589,36.52,92,97,43.96,overcast clouds
462,Vanavara,RU,60.34,102.2797,15.37,95,100,6.04,light snow
463,Jinka,ET,5.65,36.65,67.77,60,85,2.93,overcast clouds
464,Yuanping,CN,38.7153,112.7575,25.54,29,100,4.32,overcast clouds
465,Carahue,CL,-38.7,-73.1667,71.8,34,0,6.98,clear sky
466,Abdulino,RU,53.7,53.6667,25.38,97,100,7.02,light snow
467,Tual,ID,-5.6667,132.75,82.99,77,100,9.22,overcast clouds
468,Manggar,ID,-2.8833,108.2667,78.48,84,96,7.02,overcast clouds
469,Tilichiki,RU,60.4667,166.1,4.91,80,100,7.61,overcast clouds
470,Guerrero,MX,17.6667,-100.0,77.07,40,1,3.89,clear sky
471,Skjervoy,NO,70.0311,20.9714,32.94,67,74,27.09,broken clouds
472,Novobureyskiy,RU,49.798,129.8774,-22.36,100,57,2.51,broken clouds
473,Sobolevo,RU,54.4299,31.8996,23.2,96,100,12.15,light snow
474,Sergeyevka,KZ,53.88,67.4158,10.65,84,100,7.58,overcast clouds
475,Harvard,US,42.4222,-88.6137,16.29,73,49,9.75,scattered clouds
476,Jasdan,IN,22.0333,71.2,66.56,51,0,7.45,clear sky
477,Gorontalo,ID,0.5412,123.0595,74.07,95,92,3.44,overcast clouds
478,Verkh-Usugli,RU,52.7,115.1667,-10.79,97,20,3.49,few clouds
479,Athabasca,CA,54.7169,-113.2854,19.0,94,100,7.11,light snow
480,Kutum,SD,14.2,24.6667,62.33,16,11,12.03,few clouds
481,Linguere,SN,15.3953,-15.1193,99.07,5,0,9.48,clear sky
482,Dudinka,RU,69.4058,86.1778,-18.71,100,93,3.56,overcast clouds
483,Kano,NG,12.0001,8.5167,76.89,25,100,11.5,dust
484,Cayenne,GF,4.9333,-52.3333,86.04,81,20,5.99,few clouds
485,Am Timan,TD,11.0297,20.2827,83.37,14,20,5.32,few clouds
486,Cosolapa,MX,18.5833,-96.65,58.19,84,100,1.61,overcast clouds
487,Araure,VE,9.5601,-69.2148,87.35,29,3,7.02,clear sky
488,Vao,NC,-22.6667,167.4833,79.68,87,99,12.5,overcast clouds
489,Save,BJ,8.0425,2.486,97.3,11,2,2.51,clear sky
490,Quthing,LS,-30.4,27.7003,69.06,59,76,2.19,broken clouds
491,Helong,CN,42.5397,128.9972,3.47,75,80,8.84,broken clouds
492,Sibolga,ID,1.7427,98.7792,75.7,90,99,2.91,overcast clouds
493,Juneau,US,58.3019,-134.4197,39.85,99,100,1.01,overcast clouds
494,Sioux Lookout,CA,50.1001,-91.917,-0.02,78,100,9.22,overcast clouds
495,Adiake,CI,5.2863,-3.304,87.39,66,41,11.83,scattered clouds
496,Manbij,SY,36.5281,37.9549,43.57,57,1,6.91,clear sky
497,Balabac,PH,7.9868,117.0645,80.31,82,97,21.3,overcast clouds
498,Vardo,NO,70.3705,31.1107,26.55,78,100,26.98,overcast clouds
499,Parana,AR,-31.732,-60.5238,80.56,52,1,18.28,clear sky
500,Maniitsoq,GL,65.4167,-52.9,5.83,90,100,14.65,light snow
501,Harnoli,PK,32.2792,71.5539,56.82,41,81,4.94,broken clouds
502,Shimoda,JP,34.6667,138.95,34.11,63,3,21.43,clear sky
503,Craig,US,40.5153,-107.5464,18.59,80,35,2.35,scattered clouds
504,Santa Maria,BR,-29.6842,-53.8069,79.9,83,75,4.61,light rain
505,Barcelos,PT,41.5388,-8.6151,60.91,64,5,5.84,clear sky
506,Pitimbu,BR,-7.4706,-34.8086,88.39,59,15,10.25,few clouds
507,Itatiaia,BR,-22.4961,-44.5633,84.25,78,93,1.28,light rain
508,Rumoi,JP,43.9344,141.6428,23.85,89,100,6.89,snow
509,Fairbanks,US,64.8378,-147.7164,0.1,79,82,3.71,broken clouds
510,Pingxiang,CN,27.6167,113.85,41.13,85,93,3.24,overcast clouds
511,Carnduff,CA,49.1667,-101.8009,14.52,93,100,4.5,overcast clouds
512,Khor,RU,47.8861,134.9464,-20.72,100,80,3.33,broken clouds
513,Fomboni,KM,-12.28,43.7425,82.92,73,74,16.06,broken clouds
514,Nicoya,CR,10.1483,-85.452,85.55,35,9,15.43,clear sky
515,Coahuayana,MX,18.7333,-103.6833,83.14,38,15,3.24,few clouds
516,Bolivar,US,37.6145,-93.4105,33.13,61,8,1.01,clear sky
517,Mahajanga,MG,-15.7167,46.3167,82.42,78,40,18.41,scattered clouds
518,Tulun,RU,54.5611,100.5792,23.0,86,100,6.96,overcast clouds
519,Puerto Penasco,MX,31.3167,-113.5333,55.9,23,4,9.64,clear sky
520,Follebu,NO,61.216,10.2851,27.61,97,82,5.61,broken clouds
521,Ban Nahin,LA,18.2418,104.2122,58.69,80,52,5.1,broken clouds
522,Beloha,MG,-25.1667,45.05,75.87,84,100,17.69,overcast clouds
523,Pacasmayo,PE,-7.4006,-79.5714,75.25,69,72,11.14,broken clouds
524,Iranshahr,IR,27.2025,60.6848,70.14,23,0,4.61,clear sky
525,Conceicao Do Araguaia,BR,-8.2578,-49.2647,91.53,52,71,2.71,broken clouds
526,Great Falls,US,47.5002,-111.3008,41.16,53,100,17.0,overcast clouds
527,Basco,PH,20.4487,121.9702,72.1,75,99,28.34,overcast clouds
528,Iracoubo,GF,5.4802,-53.2011,79.92,80,99,10.18,overcast clouds
529,Thinadhoo,MV,0.5333,72.9333,82.76,73,100,13.44,overcast clouds
530,Japura,ID,-0.3167,102.35,73.87,96,100,2.62,overcast clouds
531,Monticello,US,45.3055,-93.7941,12.33,66,0,16.11,clear sky
532,Feldkirchen An Der Donau,AT,48.3452,14.0513,40.59,65,20,6.91,few clouds
533,Aswan,EG,24.0934,32.907,58.66,36,0,11.59,clear sky
534,Puerto Colombia,CO,10.9878,-74.9547,87.89,68,8,22.77,clear sky
535,Sao Filipe,CV,14.8961,-24.4956,75.34,67,0,9.37,clear sky
536,Mayo,US,38.8876,-76.5119,33.42,50,40,14.0,scattered clouds
537,Paso De Carrasco,UY,-34.8603,-56.0522,75.65,72,20,12.66,few clouds
538,Pochutla,MX,15.7432,-96.4661,84.81,34,0,6.76,clear sky
539,Nantucket,US,41.2835,-70.0995,27.25,77,98,25.57,overcast clouds
540,Berdigestyakh,RU,62.0989,126.6992,-21.35,100,99,0.49,overcast clouds
541,Rogers,US,36.3668,-95.5836,36.14,69,0,5.01,clear sky
542,Toktogul,KG,41.8708,72.9402,18.23,52,13,1.3,few clouds
543,Jinan,CN,36.6683,116.9972,30.78,32,74,4.18,broken clouds
544,Viedma,AR,-40.8135,-62.9967,62.51,50,100,17.2,overcast clouds
545,Massakory,TD,12.996,15.7293,77.5,12,5,11.45,clear sky
546,Andenes,NO,69.3143,16.1194,32.97,72,98,30.49,light snow
547,Aurillac,FR,44.9167,2.45,43.68,53,0,5.75,clear sky
548,Grindavik,IS,63.8424,-22.4338,28.35,86,75,8.05,broken clouds
549,Dunedin,NZ,-45.8742,170.5036,49.8,79,44,5.79,scattered clouds
550,Chernyshevsk,RU,52.5243,117.0174,-19.32,100,93,2.42,overcast clouds
551,Cozumel,MX,20.5083,-86.9458,79.0,82,34,5.01,scattered clouds
552,Beverwijk,NL,52.4827,4.6547,47.93,69,100,4.0,overcast clouds
553,Nemuro,JP,43.3236,145.575,22.69,72,92,20.83,overcast clouds
554,Okha,RU,53.5739,142.9478,3.96,92,100,20.83,overcast clouds
555,Palkino,RU,57.5409,28.0126,24.55,97,100,7.2,overcast clouds
556,Mafinga,TZ,-7.25,35.0667,65.68,91,100,3.65,overcast clouds
557,Charters Towers,AU,-20.1,146.2667,71.06,72,29,7.02,scattered clouds
558,Lazaro Cardenas,MX,17.9583,-102.2,81.45,54,2,1.36,clear sky
559,Puerto Madero,MX,14.7208,-92.4215,82.74,52,1,8.05,clear sky
560,San Ignacio,BZ,17.1561,-89.0714,69.94,94,100,9.22,overcast clouds
561,Tanete,ID,-3.9443,119.7848,75.96,94,95,1.28,overcast clouds
562,Saint-Joseph,RE,-21.3667,55.6167,82.78,81,100,18.07,light rain
563,Opuwo,NA,-18.0607,13.84,81.81,26,92,8.21,overcast clouds
564,Sawang Daen Din,TH,17.4753,103.4575,72.01,68,64,10.49,broken clouds
565,Innsbruck,AT,47.2627,11.3945,37.45,70,0,2.3,clear sky
566,Bambous Virieux,MU,-20.3428,57.7575,80.85,83,40,16.11,light rain
567,Truro,GB,50.2653,-5.0544,51.96,87,40,23.02,scattered clouds
568,Cabras,IT,39.93,8.5314,51.08,73,93,12.3,overcast clouds
569,Serebryansk,KZ,49.6925,83.2892,-17.05,81,4,4.72,clear sky
570,Nautla,MX,20.2167,-96.7833,52.97,57,99,14.83,overcast clouds
571,Kabanjahe,ID,3.1001,98.4908,63.36,95,100,0.87,overcast clouds
572,Tshikapa,CD,-6.4167,20.8,76.87,78,26,0.94,scattered clouds
573,Alakurtti,RU,66.9672,30.3491,21.63,95,100,8.72,light snow
574,Atambua,ID,-9.1061,124.8925,74.41,87,91,1.57,overcast clouds
575,Beringovskiy,RU,63.05,179.3167,-8.28,92,79,14.7,broken clouds
576,Imperia,IT,43.9667,7.7833,50.0,81,19,1.19,few clouds
577,Oussouye,SN,12.485,-16.5469,92.8,18,0,10.29,clear sky
578,Savino,RU,56.5929,41.2181,6.35,100,92,2.95,overcast clouds
579,Chumikan,RU,54.7183,135.315,-1.98,78,100,12.53,overcast clouds
580,Birao,CF,10.2849,22.7882,80.04,13,99,7.38,overcast clouds
581,Bria,CF,6.5423,21.9863,85.14,17,81,6.58,broken clouds
582,Amahai,ID,-3.3333,128.9167,78.06,84,100,5.35,overcast clouds
583,Batagay-Alyta,RU,67.8006,130.4114,-25.65,99,62,3.71,broken clouds
584,Lakhdenpokhya,RU,61.5198,30.1992,21.81,95,100,13.0,light snow
585,Paciran,ID,-6.8767,112.3761,78.62,87,100,8.46,overcast clouds
586,Moranbah,AU,-22.0016,148.0466,70.36,71,38,11.03,scattered clouds
587,Bafoulabe,ML,13.8065,-10.8321,97.63,6,0,5.91,clear sky
588,Bauchi,NG,10.5,10.0,79.65,16,0,6.44,clear sky
589,Yokadouma,CM,3.5167,15.05,81.45,21,56,2.13,broken clouds
590,Canutama,BR,-6.5339,-64.3831,80.85,76,99,3.76,overcast clouds
591,Ventnor City,US,39.3404,-74.4774,33.04,58,22,8.99,few clouds
592,La Esperanza,GT,14.8667,-91.5667,60.62,55,100,11.5,overcast clouds
593,Sao Joao Da Barra,BR,-21.6403,-41.0511,87.89,80,82,22.91,broken clouds
594,Panaba,MX,21.2833,-88.2667,77.59,71,59,15.37,broken clouds
595,Mahibadhoo,MV,3.7833,72.9667,81.88,71,31,12.35,scattered clouds
596,Ambilobe,MG,-13.2,49.05,74.46,93,98,7.14,light rain
597,Ramtek,IN,21.4,79.3333,59.76,23,0,3.51,clear sky
598,Dali,CN,25.7,100.1833,41.52,91,60,5.32,light rain
599,Natchitoches,US,31.7668,-93.1335,41.2,60,0,3.44,clear sky
600,Cabedelo,BR,-6.9811,-34.8339,88.47,59,11,10.87,few clouds
601,Comodoro Rivadavia,AR,-45.8667,-67.5,69.66,49,20,16.11,few clouds
602,Oakdale,US,44.963,-92.9649,11.43,66,100,4.0,overcast clouds
603,Jumla,NP,29.2747,82.1838,26.56,77,26,5.06,scattered clouds
604,Robertsport,LR,6.7533,-11.3686,82.0,76,37,13.2,scattered clouds
605,Enfield,AU,-34.8526,138.6026,73.72,45,0,8.01,clear sky
606,Atar,MR,20.5169,-13.0499,90.63,6,0,3.6,clear sky
607,Quelimane,MZ,-17.8786,36.8883,84.15,62,40,10.0,scattered clouds
608,Jiayuguan,CN,39.8167,98.3,14.68,40,100,7.52,overcast clouds
609,Ratnagiri,IN,16.9833,73.3,70.95,80,9,6.91,clear sky
610,Hermitage,US,41.2334,-80.4487,21.18,72,92,5.57,overcast clouds
611,Orocue,CO,4.7912,-71.3354,96.53,31,79,10.47,broken clouds
612,Flin Flon,CA,54.7682,-101.865,-13.16,70,75,8.05,broken clouds
613,Klyuchi,RU,52.2667,79.1667,5.13,89,17,7.78,few clouds
614,Kudahuvadhoo,MV,2.6708,72.8944,81.9,70,73,10.0,broken clouds
615,Hof,DE,50.3167,11.9167,37.63,76,75,16.11,broken clouds
616,Rudbar,AF,30.15,62.6,66.31,14,31,9.13,scattered clouds
617,Bud,US,39.447,-86.1758,18.75,73,23,2.51,few clouds
618,Maun,BW,-19.9833,23.4167,76.8,62,61,2.98,broken clouds
619,Pierre,US,44.3683,-100.351,49.86,38,69,3.0,broken clouds
620,Uromi,NG,6.7,6.3333,91.4,13,0,1.97,clear sky
621,Havoysund,NO,70.9963,24.6622,29.28,70,79,30.8,broken clouds
622,Troitsk,RU,54.0979,61.5773,16.2,91,100,5.55,overcast clouds
623,South Lake Tahoe,US,38.9332,-119.9844,38.79,59,100,5.64,overcast clouds
624,Darnah,LY,32.767,22.6367,59.45,65,0,4.18,clear sky
625,Yangambi,CD,0.8102,24.4336,80.62,53,96,3.78,overcast clouds
626,Pangnirtung,CA,66.1451,-65.7125,-22.0,69,75,2.3,broken clouds
627,Tabas,IR,33.5959,56.9244,52.43,37,82,4.09,broken clouds
628,Nueva Italia De Ruiz,MX,19.0167,-102.1,81.41,37,1,3.0,clear sky
629,Pisco,PE,-13.7,-76.2167,68.05,83,44,9.22,scattered clouds
630,Zhangye,CN,38.9342,100.4517,19.2,63,100,3.38,overcast clouds
631,Pionerskiy,RU,54.9508,20.2275,39.04,83,70,26.73,broken clouds
632,Talara,PE,-4.5772,-81.2719,84.96,51,0,18.41,clear sky
633,Beisfjord,NO,68.3751,17.5988,35.65,79,100,13.2,light rain
634,Del Rio,US,29.3627,-100.8968,47.23,47,0,6.91,clear sky
635,Karratha,AU,-20.7377,116.8463,84.96,71,60,5.19,broken clouds
636,Sovetskiy,RU,61.3614,63.5842,16.88,95,100,7.29,light snow
637,Takestan,IR,36.0696,49.6959,39.33,68,24,8.41,few clouds
638,Denpasar,ID,-8.65,115.2167,82.06,83,40,10.36,scattered clouds
639,Cervo,ES,43.6702,-7.4101,54.97,68,4,7.18,clear sky
640,Luanda,AO,-8.8368,13.2343,84.2,65,20,10.36,few clouds
641,Ulladulla,AU,-35.35,150.4667,65.88,78,92,10.54,overcast clouds
642,Mbanza-Ngungu,CD,-5.25,14.8667,73.08,86,19,2.64,few clouds
643,Dodge City,US,37.7528,-100.0171,40.24,43,0,13.0,clear sky
644,Zanjan,IR,36.6736,48.4787,26.51,87,28,4.54,scattered clouds
645,Kibaya,TZ,-5.3,36.5667,60.17,89,100,3.22,overcast clouds
646,Itapuranga,BR,-15.5622,-49.9486,84.25,62,70,2.3,broken clouds
647,Pontes E Lacerda,BR,-15.2261,-59.3353,89.31,55,42,6.55,light rain
648,Veinticinco De Mayo,AR,-35.4323,-60.1727,71.06,75,76,11.01,broken clouds
649,Bethanien,NA,-26.502,17.1583,92.34,18,58,12.01,broken clouds
650,Balurghat,IN,25.2167,88.7667,57.81,79,16,5.99,few clouds
651,Bend,US,44.0582,-121.3153,43.61,73,0,1.01,clear sky
652,Nelson Bay,AU,-32.7167,152.15,71.01,66,98,3.0,overcast clouds
653,Tortoli,IT,39.9256,9.6572,54.16,74,94,2.13,overcast clouds
654,Kuytun,RU,54.3419,101.5036,17.91,94,100,6.93,light snow
655,Saint-Pierre,RE,-21.3393,55.4781,83.88,65,0,12.66,clear sky
656,Bezhanitsy,RU,56.9767,29.8907,24.44,95,100,8.95,snow
657,Popondetta,PG,-8.7537,148.2534,74.88,96,100,3.33,overcast clouds
658,Mawlaik,MM,23.6333,94.4167,57.99,84,45,1.77,scattered clouds
659,Surt,LY,31.2089,16.5887,63.63,39,8,7.09,clear sky
660,Nago,JP,26.5881,127.9761,59.07,65,100,13.87,overcast clouds
661,Tynda,RU,55.1667,124.7167,-8.73,90,71,5.55,broken clouds
662,Jinxiang,CN,27.4327,120.6062,46.15,70,98,15.01,overcast clouds
663,Bhilwara,IN,25.35,74.6333,58.95,29,0,5.08,clear sky
664,Nakhon Phanom,TH,17.3333,104.4167,59.92,73,75,4.85,broken clouds
665,Neustrelitz,DE,53.3667,13.0833,38.64,79,100,14.97,overcast clouds
666,Contamana,PE,-7.3333,-75.0167,96.26,36,57,4.81,broken clouds
667,Moca,DO,19.5,-70.5,72.59,72,75,6.91,broken clouds
668,Korla,CN,41.7597,86.1469,25.99,39,100,9.22,overcast clouds
669,Singaraja,ID,-8.112,115.0882,81.97,86,77,0.56,light rain
670,Pathalgaon,IN,22.5667,83.4667,55.92,28,0,3.33,clear sky
